{"fariType":"character","id":"69260675-4abb-4ecf-b837-baa30c1117a8","lastUpdated":1737711408,"name":"QUIRKS! Template","pages":[{"id":"3ce99034-e441-4821-b2a7-be8c998fab66","label":"STATUS","rows":[{"columns":[{"sections":[{"id":"c3ae4f7d-7c2c-4d90-8518-781d9df4e204","label":"ATTRIBUTES","blocks":[{"id":"f6103db7-1a1f-4438-8b47-7709674fa671","label":"PHYSIQUE","type":"Numeric","value":"","meta":{"width":1,"helperText":"strength, fitness, constitution"}},{"id":"f3c5d84a-ebaa-4075-9a1d-57f3ab2240e3","label":"REFLEX<br>","type":"Numeric","value":"","meta":{"width":1,"helperText":"reaction, coordination, motor skill"}},{"id":"8adbbc5f-01d6-4145-abb0-537ea451ab4f","label":"WIT","type":"Numeric","value":"","meta":{"width":1,"helperText":"mental acuity, wisdom, knowledge"}},{"id":"6e0ad6da-487e-4cee-a9d7-2b9bd6629eaf","label":"HEART<br>","type":"Numeric","value":"","meta":{"width":1,"helperText":"charm, deception, self-certainty"}},{"id":"95ea3900-f66e-4723-a291-8b6b223c606f","label":"SPIRIT","type":"Numeric","value":"","meta":{"width":1,"helperText":"connection to the wondrous"}}]}]},{"sections":[{"id":"c168e478-b267-4995-85ec-f578db1231d6","label":"DANGER","blocks":[{"id":"87cbe33e-1024-4ed1-938a-19c8ef600f30","label":"RISK","type":"SlotTracker","meta":{"asClock":true,"helperText":"(Incoming damage targets Risk first)","width":1},"value":[{"label":"","checked":false},{"label":"","checked":false},{"label":"","checked":false},{"label":"","checked":false},{"label":"","checked":false},{"label":"","checked":false}]},{"id":"a688570d-90bc-4feb-87cc-e008b9bc52cc","label":"WOUNDS","type":"SlotTracker","meta":{"asClock":true,"helperText":"(-1 ongoing at 2) | (-2 ongoing at 4)<br>","width":1},"value":[{"label":"","checked":false},{"label":"","checked":false},{"label":"","checked":false},{"label":"","checked":false},{"label":"","checked":false},{"label":"","checked":false}]}]}]},{"sections":[{"id":"43bcd0dc-b7d4-4847-be47-5f193d94f60a","label":"ARMOUR","blocks":[{"id":"ea74bb14-88c9-4dcd-8d98-64e18b3cdfd7","label":"HEAVY","type":"Text","meta":{"helperText":"(-2 to Incoming Wounds) | (-1 Ongoing to Reflex)"}},{"id":"ad9dfe4e-6e02-430c-86f2-7e22d426f666","label":"RISK","type":"SlotTracker","meta":{"width":0.5},"value":[{"label":"","checked":false},{"label":"","checked":false}]},{"id":"2673eacd-172b-4d8a-ba92-681b5a15cfd5","label":"DURABILITY","type":"PointCounter","meta":{"max":"0","isMainPointCounter":false,"width":0.5},"value":"0"},{"id":"a9d8dd69-a9ae-4aa9-9ced-ee04428f8d22","label":"LIGHT","type":"Text","meta":{"helperText":"(-1 to Incoming Wounds)"}},{"id":"2d5fd54d-eca7-446a-a361-2b74da7278b5","label":"RISK","type":"SlotTracker","meta":{"width":0.5},"value":[{"label":"","checked":false}]},{"id":"13f890f0-8a29-42fd-ae99-3d1f349bb08b","label":"DURABILITY","type":"PointCounter","meta":{"max":"0","isMainPointCounter":false,"width":0.5},"value":"0"}]}]}]},{"columns":[{"sections":[{"id":"891527b9-b8ca-4826-b143-e2b64d758d98","label":"QUIRKS","blocks":[{"id":"8b9951b4-a7b5-4ed1-a458-662e3489e9d4","label":"QUIRK NAME","type":"Text","value":"Description","meta":{"width":0.5}},{"id":"cebeba84-c2f3-45c2-842c-a9204a1eee3c","label":"QUIRK NAME","type":"Text","value":"Description","meta":{"width":0.5}},{"id":"dce9a08f-1adb-4148-882c-e22e5961ae20","label":"QUIRK NAME","type":"Text","value":"Description","meta":{"width":0.5}}]},{"id":"4bea689f-9652-4291-8e52-9a2c444de0f4","label":"SKILLS","blocks":[{"id":"0c3d0501-d729-4494-b58d-fe2f7ad42076","label":"SKILL NAME","type":"Text","value":"Description","meta":{"width":0.5}},{"id":"633b3f81-dfc4-426a-aeeb-5b63c3b3c00c","label":"SKILL NAME","type":"Text","value":"Description","meta":{"width":0.5}}]}]}]}]},{"id":"ac143e26-ad90-4d1d-a9da-ea2d25a35b82","rows":[{"columns":[{"sections":[{"id":"8411a1f8-c598-4e4c-892d-b1336916b763","label":"CHARACTER INVENTORY<br>","blocks":[{"id":"4aa3e7bf-0c99-46c5-b222-4ef4e7faed84","label":"TINY","type":"Separator","meta":{"hasLabel":true},"value":""},{"id":"38292e24-a919-48d5-9541-795db73aded5","label":"ITEM","type":"Text","value":"TAGs<br>","meta":{"width":0.5}},{"id":"498113f5-a652-4d3c-8a11-8c108c33976e","label":"ITEM","type":"Text","value":"TAGs","meta":{"width":0.5}},{"id":"fa372d89-c544-46d7-899c-b80337fd006f","label":"ITEM","type":"Text","value":"TAGs","meta":{"width":0.5}},{"id":"616808c6-e28f-4e42-a5da-eac5af18162d","label":"ITEM","type":"Text","value":"TAGs","meta":{"width":0.5}},{"id":"f10a1420-54a5-4f1d-a180-5439b7af2d4d","label":"SMALL","type":"Separator","meta":{"hasLabel":true},"value":""},{"id":"c889fa07-7d64-49f1-b892-cb99fc5d824e","label":"ITEM","type":"Text","value":"TAGs","meta":{"width":0.5}},{"id":"deb8e083-32da-4e1e-b256-f422f096cffe","label":"ITEM","type":"Text","value":"TAGs","meta":{"width":0.5}},{"id":"b4d98665-5cef-4dfc-b7ee-33cc6a0a7f8b","label":"MEDIUM","type":"Separator","meta":{"hasLabel":true},"value":""},{"id":"1ecdb7ba-5177-4f77-b0f5-1e8fa1b5d4ca","label":"ITEM","type":"Text","value":"TAGs","meta":{"width":0.5}},{"id":"3cffc973-22c6-4ff5-badd-03498deedaae","label":"ITEM","type":"Text","value":"TAGs","meta":{"width":0.5}},{"id":"fae3d36b-2619-49b5-88dc-5011d8b2668e","label":"LARGE","type":"Separator","meta":{"hasLabel":true},"value":""},{"id":"4cf7dc4b-f1ee-4c62-8f57-53f6c4c3ef4c","label":"ITEM","type":"Text","value":"TAGs","meta":{"width":1}}]}]},{"sections":[{"id":"92e97074-e00d-48bc-ba23-b99e6a2733c2","label":"BAG (If Equipped) <br>","blocks":[{"id":"14b01169-2118-44f4-93f4-2784fb870ceb","label":"ITEM","type":"Text","value":"TAGs","meta":{"width":0.5}}]},{"id":"91513ddf-9ac6-4909-81ce-96c036884da9","label":"STASH<br>","blocks":[{"id":"779007ac-bdd9-4903-9751-e4f93d6645b2","label":"LOCATION","type":"Text","value":"<br>","meta":{}},{"id":"529ad5b5-9351-4314-ac01-1409e1213569","label":"ITEM","type":"Text","value":"TAGs","meta":{"width":0.5}}]}]}]}],"label":"STUFF<br>"},{"id":"40324f6a-eba3-4680-9f9d-a62d8ef30f9d","rows":[{"columns":[{"sections":[{"id":"ac440236-6a61-4801-9c0a-e03a86b1e470","label":"MEAT &amp; BONES<br>","blocks":[{"id":"7460bc37-d8a5-4e09-af3c-dc7354b92f77","label":"Motivations","type":"Text","value":"","meta":{"width":0.5}},{"id":"452aaf54-e530-472b-85dc-52bdfe8d6463","label":"Enmeshment","type":"Text","value":"","meta":{"width":0.5}},{"id":"2f4d0e60-5196-463d-b865-aea48d26b79c","label":"Assets","type":"Text","value":"","meta":{"width":0.5}},{"id":"648b51dc-449b-4141-910d-37b879a3e56d","label":"Terror<br>","type":"Text","value":"","meta":{"width":0.5}},{"id":"2e4a36cc-39c0-4eb7-8ded-1cad36fead4a","label":"Background<br>","type":"Text","value":"","meta":{"width":0.5}},{"id":"edc1bd79-9595-42ea-b4b3-b2cf7a6a5bc2","label":"Origin","type":"Text","value":"","meta":{"width":0.5}},{"id":"ae2803ef-d389-4ac2-9b29-99a538f70610","label":"Needs","type":"Text","value":"","meta":{"width":0.5}},{"id":"c9a0bda5-9bc8-4916-8b94-fcfd20a5615e","label":"Entanglement","type":"Text","value":"","meta":{"width":0.5}},{"id":"dd286687-58b7-48a2-9646-aa9625b76c54","label":"Secrets","type":"Text","value":"","meta":{"width":0.5}}]}]},{"sections":[{"id":"5b89dddc-6e32-4ccb-9bd4-aa2c5fb6a442","label":"LEVEL ADVANCEMENT<br>","blocks":[{"id":"45839563-562e-4c7e-bd6d-499ba1a4028f","label":"EXPERIENCE<br>","type":"SlotTracker","meta":{},"value":[{"label":"1","checked":false},{"label":"2","checked":false},{"label":"3","checked":false},{"label":"4","checked":false},{"label":"5","checked":false}]},{"id":"48f837c9-3518-4822-80e5-7b38820a4ecc","label":"LEVEL<br>","type":"Numeric","value":"0","meta":{"width":0.33}},{"id":"4c54f7df-c6bf-44d8-9336-2d88f672dcef","label":"Info Text","type":"InfoText","value":"1. +1 to an Attribute, max +2<br>2. Gain a new Quirk<br>3. Receive a personal story boon<br>4. Gain a Skill<br>5. +1 to an Attribute, max +2<br>6. Gain a new Quirk<br>7. Receive a personal story boon<br>8. Gain a Skill<br>9. +1 to an Attribute, max +2<br>10. Mark one of your moves as Mastered<br>11. Refine one of your Quirks or gain a new one<br>12. +1 to an Attribute, max +3<br>13. Gain a Skill<br>14. Mark one of your moves as Mastered<br>15. Receive a personal story boon<br>16. Refine one of your Quirks or gain a new one<br>17. Mark one of your moves as Mastered<br>18. +1 to an Attribute, max +3<br>19. Gain a Skill<br>20. Mark one of your moves as Mastered<br>21. Receive a personal story boon<br>22. Refine one of your Quirks or gain a new one<br>","meta":{"width":0.66}}]}]}]}],"label":"STORY<br>"}],"template":"Blank","version":6,"wide":true}